modzcta,modzcta_name,label,lat,lon,percentpositivity_7day,people_tested,people_positive,median_daily_test_rate,adequately_tested,daterange
10001,Chelsea/NoMad/West Chelsea,"10001, 10118",40.750693,-73.997137,1.12,1697,19,1151.6,Yes,October 4-October 10
10002,Chinatown/Lower East Side,10002,40.715781,-73.986176,2.32,2978,69,659.8,Yes,October 4-October 10
10003,East Village/Gramercy/Greenwich Village,10003,40.731825,-73.989164,1.07,4016,43,1317.2,Yes,October 4-October 10
10004,Financial District,10004,40.703675,-74.013106,0.78,256,2,1581.4,Yes,October 4-October 10
10005,Financial District,10005,40.706092,-74.008861,0.45,441,2,1050.6,Yes,October 4-October 10
10006,Financial District,10006,40.709651,-74.013044,0.31,318,1,1360.2,Yes,October 4-October 10
10007,TriBeCa,10007,40.713923,-74.007546,0.88,454,4,1144.3,Yes,October 4-October 10
10009,Alphabet City/East Village/Stuyvesant Town-Cooper Village,10009,40.72638,-73.978704,2.01,2784,56,845.1,Yes,October 4-October 10
10010,Flatiron/Gramercy/Kips Bay,10010,40.739119,-73.982544,1.11,1803,20,908.5,Yes,October 4-October 10
10011,Chelsea,10011,40.741707,-74.000062,1.2,2504,30,914.6,Yes,October 4-October 10
10012,Greenwich Village/SoHo,10012,40.725576,-73.998078,1.25,1203,15,976.2,Yes,October 4-October 10
10013,Hudson Square/Little Italy/SoHo/TriBeCa,10013,40.720096,-74.004763,0.97,1647,16,1027.1,Yes,October 4-October 10
10014,Hudson Square/Meatpacking District/West Village,10014,40.73402,-74.006314,2.14,1539,33,919.7,Yes,October 4-October 10
10016,Kips Bay/Murray Hill/NoMad,10016,40.745174,-73.978319,1.09,2934,32,1072.4,Yes,October 4-October 10
10017,East Midtown/Murray Hill,10017,40.752543,-73.973037,1.56,1092,17,1364.2,Yes,October 4-October 10
10018,Hell's Kitchen/Midtown Manhattan,10018,40.755191,-73.992667,0.86,933,8,1246.8,Yes,October 4-October 10
10019,Hell's Kitchen/Midtown Manhattan,"10019, 10020",40.76528,-73.985974,1.21,3318,40,1484.3,Yes,October 4-October 10
10021,Lenox Hill/Upper East Side,10021,40.769474,-73.958771,1.1,2098,23,867.6,Yes,October 4-October 10
10022,East Midtown,10022,40.758676,-73.968098,0.92,1734,16,1084.3,Yes,October 4-October 10
10023,Lincoln Square,10023,40.775901,-73.982658,1.09,3748,41,1086.1,Yes,October 4-October 10
10024,Upper West Side,10024,40.792085,-73.974871,0.97,3621,35,1140.2,Yes,October 4-October 10
10025,Manhattan Valley/Morningside Heights/Upper West Side,10025,40.798651,-73.966585,0.81,6549,53,1310.9,Yes,October 4-October 10
10026,Central Harlem (South),10026,40.802341,-73.952521,0.69,2024,14,848.3,Yes,October 4-October 10
10027,Central Harlem (South)/Morningside Heights/West Harlem,10027,40.8118,-73.953204,0.84,4041,34,1161,Yes,October 4-October 10
10028,Upper East Side/Yorkville,10028,40.776432,-73.953509,1.36,2356,32,947.9,Yes,October 4-October 10
10029,East Harlem,10029,40.791777,-73.943969,1.41,3051,43,630.2,Yes,October 4-October 10
10030,Central Harlem (North),10030,40.818326,-73.942842,0.79,1263,10,700.4,Yes,October 4-October 10
10031,Hamilton Heights/West Harlem,10031,40.825278,-73.950037,1.5,2067,31,611.6,Yes,October 4-October 10
10032,Washington Heights (South),10032,40.838768,-73.942824,1.77,2258,40,602.7,Yes,October 4-October 10
10033,Washington Heights (North)/Washington Heights (South),10033,40.850497,-73.934007,0.88,2160,19,620.3,Yes,October 4-October 10
10034,Inwood/Washington Heights (North),10034,40.867168,-73.924048,1.49,1342,20,596.6,Yes,October 4-October 10
10035,East Harlem,10035,40.791,-73.924596,1.77,1467,26,689.6,Yes,October 4-October 10
10036,Hell's Kitchen/Midtown Manhattan,10036,40.75916,-73.989705,0.76,2764,21,1402.2,Yes,October 4-October 10
10037,Central Harlem (North)/East Harlem,10037,40.812957,-73.937419,0.8,871,7,682.9,Yes,October 4-October 10
10038,Chinatown/Financial District,10038,40.709696,-74.002391,0.73,1232,9,761,Yes,October 4-October 10
10039,Central Harlem (North)/Washington Heights (South),10039,40.830807,-73.936247,1.46,1093,16,739.5,Yes,October 4-October 10
10040,Washington Heights (North),10040,40.85831,-73.93049,1.55,1485,23,630,Yes,October 4-October 10
10044,Roosevelt Island,10044,40.761931,-73.949924,0.3,677,2,796.8,Yes,October 4-October 10
10065,Lenox Hill/Upper East Side,10065,40.764616,-73.963135,1.32,2040,27,1218.7,Yes,October 4-October 10
10069,Lincoln Square,10069,40.775924,-73.990256,0.7,572,4,1463.9,Yes,October 4-October 10
10075,Lenox Hill/Upper East Side,"10075, 10162",40.773132,-73.955884,0.75,1342,10,1058.8,Yes,October 4-October 10
10128,Upper East Side/Yorkville,10128,40.781466,-73.950226,1.15,3215,37,959.7,Yes,October 4-October 10
10280,Battery Park City,10280,40.709318,-74.016654,0,352,0,652.7,Yes,October 4-October 10
10282,Battery Park City,10282,40.716409,-74.015077,0.96,314,3,969.1,Yes,October 4-October 10
10301,Silver Lake/St. George,10301,40.628224,-74.096232,1.83,1698,31,742.8,Yes,October 4-October 10
10302,Elm Park,10302,40.630598,-74.137891,2.03,789,16,697.9,Yes,October 4-October 10
10303,Graniteville/Mariner's Harbor/Port Ivory,10303,40.632135,-74.169166,2.51,1155,29,792.1,Yes,October 4-October 10
10304,New Dorp/Todt Hill,10304,40.605985,-74.0943,1.48,1965,29,785.4,Yes,October 4-October 10
10305,Arrochar/Midland Beach/Shore Acres/South Beach Ocean Breeze,10305,40.595474,-74.075437,2.08,1681,35,686,Yes,October 4-October 10
10306,Lighthouse Hill/Midland Beach/New Dorp/Oakwood,10306,40.571571,-74.125541,2.24,2322,52,793.5,Yes,October 4-October 10
10307,Tottenville,10307,40.507771,-74.24227,3.09,680,21,744.4,Yes,October 4-October 10
10308,Great Kills,10308,40.551574,-74.150454,2.83,1342,38,700.9,Yes,October 4-October 10
10309,Charleston/Prince's Bay/Woodrow,10309,40.531355,-74.220574,2.1,1666,35,916.8,Yes,October 4-October 10
10310,Port Richmond/Randall Manor/West Brighton,10310,40.632398,-74.11618,1.86,1078,20,716.7,Yes,October 4-October 10
10312,Annadale/Rossville,10312,40.545128,-74.18169,3.37,2729,92,779.7,Yes,October 4-October 10
10314,Bloomfield/Freshkills Park,10314,40.599333,-74.166462,2.4,3827,92,690.6,Yes,October 4-October 10
10451,Concourse/Melrose,10451,40.820705,-73.923865,1.86,1936,36,662.9,Yes,October 4-October 10
10452,Concourse/Highbridge,10452,40.837364,-73.923461,1.53,2682,41,582.4,Yes,October 4-October 10
10453,Morris Heights/Mount Hope/University Heights,10453,40.852304,-73.913578,2.01,2536,51,488.1,Yes,October 4-October 10
10454,Mott Haven/Port Morris,10454,40.805487,-73.916605,1.15,1389,16,597.4,Yes,October 4-October 10
10455,Mott Haven,10455,40.8147,-73.908583,0.99,1520,15,594.4,Yes,October 4-October 10
10456,Claremont/Morrisania,10456,40.829884,-73.908121,1.2,3095,37,560.1,Yes,October 4-October 10
10457,Belmont/Claremont/Mount Hope/Tremont,10457,40.847151,-73.898676,1.38,2538,35,591.4,Yes,October 4-October 10
10458,Belmont/Fordham University/Kingsbridge,10458,40.862531,-73.88817,1.51,2722,41,572.9,Yes,October 4-October 10
10459,Charlotte Gardens/Hunts Point,10459,40.82584,-73.892976,1.63,1716,28,568.2,Yes,October 4-October 10
10460,Charlotte Gardens/Tremont/Van Nest/West Farms,10460,40.841753,-73.879584,1.84,2122,39,557.1,Yes,October 4-October 10
10461,Morris Park/Pelham Bay/Westchester Square,10461,40.847415,-73.840601,1.72,1982,34,706.8,Yes,October 4-October 10
10462,Parkchester/Pelham Parkway/Van Nest/Westchester Square,10462,40.842874,-73.858772,1.31,2985,39,717,Yes,October 4-October 10
10463,Kingsbridge/Marble Hill/Riverdale/Spuyten Duyvil,10463,40.880824,-73.906514,1.35,2589,35,630.1,Yes,October 4-October 10
10464,City Island,10464,40.872311,-73.804653,1.39,144,2,443.4,Yes,October 4-October 10
10465,Country Club/Throgs Neck,10465,40.823931,-73.822886,1.42,1411,20,542.6,Yes,October 4-October 10
10466,Edenwald/Wakefield,10466,40.890965,-73.845912,1.42,2530,36,617,Yes,October 4-October 10
10467,Allerton/Norwood/Pelham Parkway/Williamsbridge,10467,40.880939,-73.873956,1.12,3568,40,604.6,Yes,October 4-October 10
10468,Fordham/Kingsbridge/University Heights,10468,40.868161,-73.899844,1.2,2588,31,601.5,Yes,October 4-October 10
10469,Allerton/Baychester/Pelham Gardens/Williamsbridge,10469,40.86876,-73.846984,1.56,2307,36,556.3,Yes,October 4-October 10
10470,Wakefield/Woodlawn,10470,40.895986,-73.86802,1.05,572,6,600.3,Yes,October 4-October 10
10471,Fieldston/North Riverdale/Riverdale,10471,40.899509,-73.901518,0.65,774,5,663.8,Yes,October 4-October 10
10472,Soundview,10472,40.829561,-73.869393,1.97,2391,47,532.5,Yes,October 4-October 10
10473,Castle Hill/Clason Point/Soundview,10473,40.818135,-73.858718,1.19,2430,29,691.9,Yes,October 4-October 10
10474,Hunts Point,10474,40.810595,-73.884618,0.27,372,1,450.9,Yes,October 4-October 10
10475,Co-op City/Edenwald,10475,40.868941,-73.824854,1.58,1520,24,615.4,Yes,October 4-October 10
11004,Bellerose/Douglaston-Little Neck,"11004, 11005",40.748068,-73.710907,0.95,529,5,506.6,Yes,October 4-October 10
11101,Astoria (South)/Long Island City/Sunnyside,11101,40.747077,-73.938586,1.12,2134,24,1159.2,Yes,October 4-October 10
11102,Astoria (North),11102,40.772498,-73.925912,1.31,1446,19,855.4,Yes,October 4-October 10
11103,Astoria (North)/Astoria (South),11103,40.762536,-73.913541,1.37,1458,20,792.8,Yes,October 4-October 10
11104,Sunnyside,11104,40.744658,-73.920205,0.73,1094,8,833.4,Yes,October 4-October 10
11105,Ditmars Steinway,11105,40.778969,-73.906286,1.04,1352,14,682.5,Yes,October 4-October 10
11106,Astoria (South),11106,40.761792,-73.931771,2.56,1643,42,814.9,Yes,October 4-October 10
11109,Long Island City,11109,40.746211,-73.956999,2.35,298,7,1006.5,Yes,October 4-October 10
11201,Brooklyn Heights/DUMBO/Downtown Brooklyn,11201,40.694609,-73.989581,0.87,3789,33,1154.2,Yes,October 4-October 10
11203,East Flatbush (North)/East Flatbush (South),11203,40.649576,-73.934363,1.55,3236,50,718.8,Yes,October 4-October 10
11204,Bensonhurst/Mapleton,11204,40.618774,-73.984824,4.32,2476,107,476.1,Yes,October 4-October 10
11205,Bedford-Stuyvesant (West)/Clinton Hill/Fort Greene,11205,40.694625,-73.966212,2.72,1988,54,818.4,Yes,October 4-October 10
11206,Williamsburg (South),11206,40.701957,-73.942361,2.94,3124,92,647,Yes,October 4-October 10
11207,Cypress Hills/East New York,11207,40.670819,-73.894255,2.25,4132,93,737.9,Yes,October 4-October 10
11208,Cypress Hills/East New York,11208,40.668385,-73.871084,1.8,3548,64,582.8,Yes,October 4-October 10
11209,Bay Ridge/Fort Hamilton,11209,40.621811,-74.030011,1.4,2789,39,759.8,Yes,October 4-October 10
11210,Flatlands/Midwood,11210,40.628165,-73.946316,1.94,2322,45,566.3,Yes,October 4-October 10
11211,East Williamsburg/Williamsburg (North)/Williamsburg (South),"11211, 11249",40.712334,-73.953851,4.67,4386,205,758.4,Yes,October 4-October 10
11212,Ocean Hill-Brownsville,11212,40.662935,-73.913011,1.97,3707,73,886.9,Yes,October 4-October 10
11213,Crown Heights (East),11213,40.671074,-73.93633,3.48,3192,111,831.3,Yes,October 4-October 10
11214,Bath Beach/Bensonhurst/Gravesend,11214,40.598729,-73.99621,1.07,2794,30,489.1,Yes,October 4-October 10
11215,Gowanus/Park Slope/Windsor Terrace,11215,40.66252,-73.986872,1.14,4039,46,1026.9,Yes,October 4-October 10
11216,Bedford-Stuyvesant (West)/Crown Heights (West),11216,40.680785,-73.94931,1.59,2776,44,899.2,Yes,October 4-October 10
11217,Boerum Hill/Park Slope,"11217, 11243",40.682417,-73.97938,1.18,2374,28,1052.1,Yes,October 4-October 10
11218,Kensington/Windsor Terrace,11218,40.64348,-73.976044,2.09,3494,73,833.8,Yes,October 4-October 10
11219,Borough Park,11219,40.632662,-73.996666,7.34,2535,186,477.3,Yes,October 4-October 10
11220,Sunset Park,11220,40.641081,-74.016495,1.32,2945,39,515.9,Yes,October 4-October 10
11221,Bedford-Stuyvesant (East)/Bushwick,11221,40.691339,-73.927885,1.73,3518,61,761.3,Yes,October 4-October 10
11222,Greenpoint,11222,40.728292,-73.947562,1.83,2134,39,1090.7,Yes,October 4-October 10
11223,Gravesend/Homecrest,11223,40.597169,-73.973422,3.24,2467,80,481,Yes,October 4-October 10
11224,Brighton Beach/Coney Island/Seagate,11224,40.57666,-73.988581,2.95,1561,46,583.5,Yes,October 4-October 10
11225,Crown Heights (West)/Prospect Lefferts Gardens,11225,40.663056,-73.954226,1.92,2650,51,780.7,Yes,October 4-October 10
11226,Flatbush/Prospect Lefferts Gardens,11226,40.646456,-73.956654,1.53,4251,65,734.4,Yes,October 4-October 10
11228,Bath Beach/Dyker Heights,11228,40.616715,-74.013054,1.03,1552,16,504.6,Yes,October 4-October 10
11229,Gerritsen Beach/Homecrest/Sheepshead Bay,11229,40.601175,-73.944465,2.97,2663,79,434.6,Yes,October 4-October 10
11230,Midwood,11230,40.622164,-73.965096,3.59,3034,109,540,Yes,October 4-October 10
11231,Carroll Gardens/Cobble Hill/Red Hook,11231,40.677562,-74.004445,1.46,2061,30,981.9,Yes,October 4-October 10
11232,Sunset Park,11232,40.655984,-74.005304,2,899,18,583.3,Yes,October 4-October 10
11233,Bedford-Stuyvesant (East)/Ocean Hill-Brownsville,11233,40.678302,-73.919931,1.64,3346,55,839.6,Yes,October 4-October 10
11234,Bergen Beach/Flatlands/Marine Park/Mill Basin,11234,40.60758,-73.910513,1.93,3108,60,513.5,Yes,October 4-October 10
11235,Brighton Beach/Manhattan Beach/Sheepshead Bay,11235,40.583915,-73.949669,1.88,2504,47,538.4,Yes,October 4-October 10
11236,Canarsie,11236,40.640004,-73.901459,1.6,4012,64,743.4,Yes,October 4-October 10
11237,Bushwick/East Williamsburg,11237,40.704153,-73.920883,1.79,1785,32,614.6,Yes,October 4-October 10
11238,Clinton Hill/Prospect Heights,11238,40.679179,-73.963804,1.18,2978,35,1006.6,Yes,October 4-October 10
11239,East New York,11239,40.64753,-73.882398,2.3,652,15,783.3,Yes,October 4-October 10
11354,Flushing/Murray Hill,11354,40.76863,-73.827229,2.24,1470,33,424.7,Yes,October 4-October 10
11355,Flushing/Murray Hill/Queensboro Hill,11355,40.751459,-73.821014,1.4,2077,29,424.8,Yes,October 4-October 10
11356,College Point,11356,40.784867,-73.841495,1.47,887,13,578.6,Yes,October 4-October 10
11357,Whitestone,11357,40.78639,-73.810964,3.02,1258,38,495.9,Yes,October 4-October 10
11358,Auburndale/Murray Hill,11358,40.760475,-73.79637,1.96,1069,21,463.6,Yes,October 4-October 10
11360,Bayside (North),11360,40.78205,-73.7808,3.3,666,22,598.6,Yes,October 4-October 10
11361,Bayside (North)/Bayside (South),11361,40.763748,-73.772419,0.93,862,8,485.4,Yes,October 4-October 10
11362,Douglaston-Little Neck,11362,40.756533,-73.736995,1.56,576,9,464,Yes,October 4-October 10
11363,Douglaston-Little Neck,11363,40.772803,-73.746444,1.33,225,3,445.4,Yes,October 4-October 10
11364,Bayside (South)/Oakland Gardens,11364,40.745279,-73.760578,1.34,1195,16,521.2,Yes,October 4-October 10
11365,Auburndale/Fresh Meadows/Pomonok/Utopia,11365,40.739775,-73.794806,1.23,1381,17,506.7,Yes,October 4-October 10
11366,Fresh Meadows/Hillcrest,11366,40.728136,-73.784981,2.53,396,10,492.7,Yes,October 4-October 10
11367,Kew Gardens Hills/Pomonok,11367,40.730383,-73.826297,2.4,1250,30,513.8,Yes,October 4-October 10
11368,Corona/North Corona,11368,40.749594,-73.852604,1.18,3462,41,466.6,Yes,October 4-October 10
11369,Airport/East Elmhurst,11369,40.768944,-73.872812,1.13,1235,14,642.3,Yes,October 4-October 10
11370,Jackson Heights/Rikers Island,11370,40.763466,-73.891021,1.32,1064,14,579,Yes,October 4-October 10
11372,Jackson Heights,11372,40.75169,-73.883634,1.32,2497,33,637.7,Yes,October 4-October 10
11373,Elmhurst,11373,40.738823,-73.8785,1.44,2979,43,507.3,Yes,October 4-October 10
11374,Rego Park,11374,40.726441,-73.861497,2.91,1442,42,647.4,Yes,October 4-October 10
11375,Forest Hills,11375,40.720931,-73.846184,1.55,2444,38,586.5,Yes,October 4-October 10
11377,Woodside,11377,40.744823,-73.90516,0.86,3035,26,599.7,Yes,October 4-October 10
11378,Maspeth,11378,40.724768,-73.909399,1.6,1189,19,459.3,Yes,October 4-October 10
11379,Middle Village,11379,40.716758,-73.879597,1.61,1115,18,494,Yes,October 4-October 10
11385,Glendale/Ridgewood,11385,40.701058,-73.890159,2.13,3331,71,608,Yes,October 4-October 10
11411,Cambria Heights,11411,40.694202,-73.735998,1.33,677,9,505.2,Yes,October 4-October 10
11412,St. Albans,11412,40.698095,-73.758984,1.22,1558,19,669.3,Yes,October 4-October 10
11413,Laurelton/Rosedale,11413,40.669738,-73.750842,1.38,1520,21,622.6,Yes,October 4-October 10
11414,Hamilton Beach/Howard Beach/Lindenwood,11414,40.658266,-73.844905,1.69,890,15,500.7,Yes,October 4-October 10
11415,Kew Gardens,11415,40.708323,-73.828212,1.29,621,8,529.9,Yes,October 4-October 10
11416,Ozone Park,11416,40.684652,-73.849549,1.44,975,14,632.8,Yes,October 4-October 10
11417,Ozone Park,11417,40.676457,-73.844522,1.73,1040,18,509,Yes,October 4-October 10
11418,Richmond Hill,11418,40.700236,-73.836062,1.61,1178,19,510.8,Yes,October 4-October 10
11419,Richmond Hill/South Ozone Park,11419,40.688676,-73.822901,1.57,1466,23,496.9,Yes,October 4-October 10
11420,South Ozone Park,11420,40.673518,-73.817812,1.34,1566,21,524.7,Yes,October 4-October 10
11421,Woodhaven,11421,40.69405,-73.85867,1.32,1209,16,471.9,Yes,October 4-October 10
11422,Rosedale,11422,40.660819,-73.73608,1.18,1182,14,543.4,Yes,October 4-October 10
11423,Hollis/Holliswood,11423,40.71491,-73.767865,1.1,1091,12,597.3,Yes,October 4-October 10
11426,Bellerose,11426,40.736521,-73.722384,1.34,670,9,550.5,Yes,October 4-October 10
11427,Bellerose/Hollis Hills/Holliswood,11427,40.730915,-73.745611,1.97,863,17,568.5,Yes,October 4-October 10
11428,Queens Village,11428,40.721015,-73.742206,0.58,688,4,640.4,Yes,October 4-October 10
11429,Queens Village,11429,40.709772,-73.738731,1.31,994,13,600.5,Yes,October 4-October 10
11432,Hillcrest/Jamaica Estates/Jamaica Hills,11432,40.715359,-73.793064,1.31,2369,31,663.3,Yes,October 4-October 10
11433,Jamaica,11433,40.69823,-73.787095,1.67,1375,23,602.4,Yes,October 4-October 10
11434,Airport/South Jamaica/Springfield Gardens/St. Albans,11434,40.656866,-73.783386,1.3,2534,33,635.1,Yes,October 4-October 10
11435,Briarwood/Jamaica,11435,40.701291,-73.809618,1.98,1769,35,498.2,Yes,October 4-October 10
11436,South Jamaica/South Ozone Park,11436,40.675819,-73.796618,1.17,684,8,563.8,Yes,October 4-October 10
11691,Edgemere/Far Rockaway,11691,40.60133,-73.761357,3.05,2134,65,532.5,Yes,October 4-October 10
11692,Arverne/Edgemere,11692,40.592794,-73.792203,1.63,800,13,565.9,Yes,October 4-October 10
11693,Arverne/Broad Channel,11693,40.603699,-73.821926,2.42,414,10,520.8,Yes,October 4-October 10
11694,Belle Harbor-Neponsit/Rockaway Park,11694,40.577599,-73.844553,3.74,562,21,481.2,Yes,October 4-October 10
11697,Breezy Point,11697,40.55907,-73.907199,4.69,128,6,530.6,Yes,October 4-October 10
